{
    "train_loss": [
        1.1658626095108364,
        0.722014638133671,
        0.36325201975262683,
        0.1320180889704953,
        0.03316515795886517,
        0.011660623461332011,
        0.007068131532034149,
        0.005565029524428689,
        0.004225441613032118,
        0.0033790238849494766,
        0.002543380556871062,
        0.002318141119473654,
        0.0018944992886289307,
        0.001652831049716991,
        0.001405690721762569
    ],
    "val_loss": [
        1.0486530542373658,
        0.9864557425181071,
        1.7140117406845092,
        1.6104848265647889,
        1.267519227663676,
        1.3522335290908813,
        1.3565783500671387,
        1.3771722873051961,
        1.4318703969319662,
        1.5047305901845296,
        1.5562174638112387,
        1.558223295211792,
        1.582701031366984,
        1.6115712642669677,
        1.6040542284647623
    ],
    "train_acc": [
        39.130434782608695,
        71.30434782608695,
        86.95652173913044,
        98.26086956521739,
        100.0,
        100.0,
        100.0,
        100.0,
        100.0,
        100.0,
        100.0,
        100.0,
        100.0,
        100.0,
        100.0
    ],
    "val_acc": [
        46.666666666666664,
        46.666666666666664,
        46.666666666666664,
        53.333333333333336,
        46.666666666666664,
        46.666666666666664,
        46.666666666666664,
        46.666666666666664,
        46.666666666666664,
        46.666666666666664,
        46.666666666666664,
        46.666666666666664,
        46.666666666666664,
        46.666666666666664,
        40.0
    ]
}