{
    "train_loss": [
        1.0532748279364212,
        0.7336566774741463,
        0.44558595703995746,
        0.15577893781921137,
        0.055372393001680786,
        0.021554389126274897,
        0.01350181347731015,
        0.008030344432462817,
        0.006337415273098842,
        0.005280947956540014
    ],
    "val_loss": [
        1.0154561122258505,
        0.9713391701380412,
        1.3334436893463135,
        1.261682383219401,
        1.4043255964914958,
        1.5317641417185466,
        1.6365245183308919,
        1.6697771708170572,
        1.6795163949330647,
        1.739621925354004
    ],
    "train_acc": [
        48.69565217391305,
        70.43478260869566,
        89.56521739130436,
        100.0,
        100.0,
        100.0,
        100.0,
        100.0,
        100.0,
        100.0
    ],
    "val_acc": [
        46.666666666666664,
        40.0,
        40.0,
        40.0,
        40.0,
        40.0,
        40.0,
        40.0,
        46.666666666666664,
        46.666666666666664
    ]
}