{
    "train_loss": [
        1.1074736709180086,
        0.947876208761464,
        0.7942556935807933,
        0.6662681289341139,
        0.6099644080452297,
        0.49271522812221363,
        0.3372664594131967,
        0.28197076579798824,
        0.22532126177912173,
        0.19622960518235746
    ],
    "val_loss": [
        1.055499505996704,
        1.0005349477132162,
        0.9701226949691772,
        0.9381501118342082,
        0.9630875428517659,
        0.9215569734573364,
        0.8958924372990926,
        0.8795827865600586,
        0.9693270921707153,
        0.9031376123428345
    ],
    "train_acc": [
        36.52173913043478,
        63.47826086956522,
        77.39130434782608,
        84.34782608695653,
        82.6086956521739,
        91.30434782608695,
        97.3913043478261,
        97.3913043478261,
        98.26086956521739,
        97.3913043478261
    ],
    "val_acc": [
        26.666666666666668,
        46.666666666666664,
        46.666666666666664,
        53.333333333333336,
        60.0,
        60.0,
        60.0,
        60.0,
        60.0,
        60.0
    ]
}