{
    "train_loss": [
        1.051317813085473,
        0.9165487963220348,
        0.7618327519168024,
        0.637619667208713,
        0.5050708915876305,
        0.47200178581735364,
        0.4028287807236547,
        0.32621370994526405,
        0.2838870890762495,
        0.24135763865450155,
        0.20393382463118304,
        0.27403542153213334,
        0.11088316161995349,
        0.11776385634489682,
        0.1697289409196895
    ],
    "val_loss": [
        1.0873943090438842,
        0.9883893251419067,
        0.9624243338902791,
        0.907569162050883,
        0.8981884320576986,
        0.9497909506162008,
        1.0264103412628174,
        1.1017818570137023,
        1.227817447980245,
        1.2599154233932495,
        1.1847953875859578,
        1.0963858922322591,
        1.3585129499435424,
        1.4137609640757243,
        1.3704673369725546
    ],
    "train_acc": [
        46.95652173913044,
        62.60869565217392,
        73.91304347826086,
        84.34782608695653,
        89.56521739130436,
        88.69565217391305,
        90.43478260869566,
        93.04347826086956,
        93.04347826086956,
        93.04347826086956,
        94.78260869565217,
        92.17391304347827,
        97.3913043478261,
        98.26086956521739,
        93.04347826086956
    ],
    "val_acc": [
        53.333333333333336,
        60.0,
        60.0,
        66.66666666666666,
        66.66666666666666,
        66.66666666666666,
        66.66666666666666,
        60.0,
        53.333333333333336,
        60.0,
        66.66666666666666,
        60.0,
        60.0,
        66.66666666666666,
        66.66666666666666
    ]
}