{
    "train_loss": [
        1.1598565941271575,
        1.0655690851418869,
        1.014840667144112,
        0.9334001116130664,
        0.890824734646341,
        0.8095497328302135,
        0.8036543130874634,
        0.7664490212564883,
        0.7536080816517705,
        0.6347635339135709,
        0.5717976098475249,
        0.5105873608070871,
        0.45196766335031263,
        0.40052811373835023,
        0.3882616488829903
    ],
    "val_loss": [
        1.0651273449261984,
        1.0183160225550334,
        0.9954665978749593,
        0.9917224168777465,
        0.9859733978907267,
        0.9871425787607829,
        0.9842350482940674,
        0.9706674416859945,
        0.979957914352417,
        0.9233665784200032,
        0.9120414098103841,
        0.9011354605356853,
        0.9252694368362426,
        0.8660722335179647,
        0.8841134786605835
    ],
    "train_acc": [
        32.17391304347826,
        40.0,
        46.95652173913044,
        56.52173913043478,
        59.130434782608695,
        66.08695652173913,
        68.69565217391305,
        72.17391304347827,
        73.04347826086956,
        75.65217391304347,
        84.34782608695653,
        88.69565217391305,
        89.56521739130436,
        91.30434782608695,
        88.69565217391305
    ],
    "val_acc": [
        40.0,
        53.333333333333336,
        46.666666666666664,
        46.666666666666664,
        46.666666666666664,
        46.666666666666664,
        46.666666666666664,
        53.333333333333336,
        53.333333333333336,
        53.333333333333336,
        53.333333333333336,
        46.666666666666664,
        46.666666666666664,
        53.333333333333336,
        46.666666666666664
    ]
}