{
    "train_loss": [
        1.1152262241944022,
        1.0344875693321227,
        0.912794013645338
    ],
    "val_loss": [
        1.106083297729492,
        1.0895720958709716,
        1.0915587266286215
    ],
    "train_acc": [
        33.91304347826087,
        45.21739130434783,
        59.130434782608695
    ],
    "val_acc": [
        20.0,
        46.666666666666664,
        46.666666666666664
    ]
}