{
    "train_loss": [
        1.1832790768664816,
        0.5189120589391045,
        0.2759532772976419,
        0.13973544149295145,
        0.1846296271228272,
        0.15303632876147394,
        0.0550012125917103,
        0.06909223828950654,
        0.04937859010761199,
        0.05650658403401789
    ],
    "val_loss": [
        1.1026917616526286,
        1.0499994198481242,
        1.0607527017593383,
        1.0471627314885457,
        1.1598121007283528,
        1.3326430956522624,
        1.2675286134084065,
        1.2300718466440836,
        1.2379713932673135,
        1.3360520998636882
    ],
    "train_acc": [
        40.0,
        78.26086956521739,
        92.17391304347827,
        97.3913043478261,
        94.78260869565217,
        95.65217391304348,
        99.1304347826087,
        96.52173913043478,
        100.0,
        99.1304347826087
    ],
    "val_acc": [
        53.333333333333336,
        40.0,
        40.0,
        40.0,
        40.0,
        40.0,
        40.0,
        40.0,
        40.0,
        40.0
    ]
}