{
    "train_loss": [
        1.2340022201123444,
        0.8388502437135448,
        0.5196124050928199,
        0.41899432669515196,
        0.32372578291789345,
        0.26226233140282007,
        0.16709541846876558,
        0.1765041964209598,
        0.09355990925560827,
        0.1040522355100383,
        0.08888468237026878,
        0.052195795463479085,
        0.06731222741629767,
        0.057953164637412714,
        0.03060506459163583,
        0.047501691754745404,
        0.057983788653560304,
        0.01477763408228107,
        0.020411772118962328,
        0.04929790670133155
    ],
    "val_loss": [
        1.0605467041333516,
        0.9853355964024861,
        0.9696836193402608,
        0.9675198157628377,
        0.9764525095621744,
        0.9992494821548462,
        1.0167182763417562,
        1.065186325709025,
        1.1243472496668498,
        1.200330090522766,
        1.1760214646657308,
        1.215518053372701,
        1.1761975765228272,
        1.2045462210973104,
        1.2080097436904906,
        1.242430329322815,
        1.2997172355651856,
        1.3010794957478842,
        1.3449522495269775,
        1.3214994271596272
    ],
    "train_acc": [
        33.04347826086956,
        65.21739130434783,
        82.6086956521739,
        83.47826086956522,
        90.43478260869566,
        92.17391304347827,
        96.52173913043478,
        95.65217391304348,
        98.26086956521739,
        98.26086956521739,
        98.26086956521739,
        99.1304347826087,
        100.0,
        98.26086956521739,
        100.0,
        99.1304347826087,
        99.1304347826087,
        100.0,
        100.0,
        98.26086956521739
    ],
    "val_acc": [
        26.666666666666668,
        46.666666666666664,
        46.666666666666664,
        46.666666666666664,
        53.333333333333336,
        46.666666666666664,
        40.0,
        46.666666666666664,
        40.0,
        46.666666666666664,
        40.0,
        46.666666666666664,
        46.666666666666664,
        46.666666666666664,
        46.666666666666664,
        46.666666666666664,
        46.666666666666664,
        46.666666666666664,
        46.666666666666664,
        46.666666666666664
    ]
}