{
    "train_loss": [
        1.1259763790213544,
        0.6140738344710807,
        0.3490035647931306,
        0.3778364228165668,
        0.4456761475490487,
        0.2880123734474182,
        0.28015129384787185,
        0.231704035077406,
        0.23128693064917688,
        0.35324096899965535,
        0.23816510942643104,
        0.17655416260594908,
        0.13853104270022848,
        0.21591853086391222,
        0.1631808720043172
    ],
    "val_loss": [
        0.9557276805241902,
        1.0600349148114523,
        1.166130495071411,
        1.142122761408488,
        1.3225351413091024,
        1.1483386238416036,
        1.2737402439117431,
        0.865598996480306,
        0.8558579047520956,
        1.115311360359192,
        0.9464702924092611,
        1.3045414129892985,
        1.600780733426412,
        1.073330823580424,
        1.1107691804567972
    ],
    "train_acc": [
        41.73913043478261,
        73.04347826086956,
        86.08695652173914,
        84.34782608695653,
        81.73913043478261,
        91.30434782608695,
        89.56521739130436,
        93.04347826086956,
        92.17391304347827,
        87.82608695652175,
        92.17391304347827,
        95.65217391304348,
        96.52173913043478,
        94.78260869565217,
        94.78260869565217
    ],
    "val_acc": [
        53.333333333333336,
        46.666666666666664,
        33.33333333333333,
        46.666666666666664,
        46.666666666666664,
        46.666666666666664,
        46.666666666666664,
        60.0,
        66.66666666666666,
        46.666666666666664,
        53.333333333333336,
        33.33333333333333,
        53.333333333333336,
        60.0,
        46.666666666666664
    ]
}