{
    "train_loss": [
        1.1037468982779461,
        1.0456448627554853,
        1.0511572765267414,
        1.07310267738674,
        1.0555224138757457,
        1.0539979390476062,
        1.0513412988704183,
        1.0602431053700654,
        1.100388605179994,
        1.0789777180422908
    ],
    "val_loss": [
        1.0670402288436889,
        1.0613860368728638,
        1.0840177377065023,
        1.1267194112141927,
        1.0943198919296264,
        1.0504374901453655,
        1.0558685859044392,
        1.0475641091664631,
        1.053801457087199,
        1.057593814531962
    ],
    "train_acc": [
        43.47826086956522,
        44.34782608695652,
        46.95652173913044,
        45.21739130434783,
        49.56521739130435,
        51.30434782608696,
        46.08695652173913,
        48.69565217391305,
        46.95652173913044,
        49.56521739130435
    ],
    "val_acc": [
        46.666666666666664,
        46.666666666666664,
        46.666666666666664,
        46.666666666666664,
        46.666666666666664,
        46.666666666666664,
        46.666666666666664,
        46.666666666666664,
        46.666666666666664,
        46.666666666666664
    ]
}